id,object,result_position,task_id,bookmarks_count,binded_media_url,binded_media_domain,binded_media_thumbnail_url,binded_media_title,binded_media_description,full_text,internal_unique_id,is_retweeted,is_quoted,likes,media_0_thumbnail,media_0_type,media_0_url,media_1_thumbnail,media_1_type,media_1_url,media_2_thumbnail,media_2_type,media_2_url,media_3_thumbnail,media_3_type,media_3_url,name,original_tweet_url,original_tweet_id,created_at,quote_count,retweet_count,reply_count,tweet_url,user_id,username,views_count,collected_at,input_url
1385615,result,1,61693049,0,,,,,,Bbri .4 jam https://t.co/uIcNcVNaH7,1.89175E+18,f,f,4,https://pbs.twimg.com/media/GkDcLiGaAAMaCCG.jpg,photo,https://pbs.twimg.com/media/GkDcLiGaAAMaCCG.jpg,,,,,,,,,,Darwiz,,,2025-02-18 07:37:40+00,0,0,1,https://twitter.com/Ddarwin889/status/1891753936455143862,1453409431,Ddarwin889,943,2025-02-25 05:42:15.186304+00,https://x.com/search?q=bbri%20since%3A2025-02-18%20until%3A2025-02-19%20lang%3Aid&src=typed_query&f=top
1385600,result,2,61693049,12,,,,,,Indomaret viral  https://t.co/g5bqsuBakB  https://t.co/ym700FnkUp  https://t.co/y3WfPiKjf6  https://t.co/gE0Jjidu3B  https://t.co/cwIJUkfQWf  Kecil bbri yusril pagii danantara https://t.co/EXivSXTyrC,1.89168E+18,f,f,14,https://pbs.twimg.com/media/GkCY9NyaAAAOrkj.jpg,photo,https://pbs.twimg.com/media/GkCY9NyaAAAOrkj.jpg,,,,,,,,,,Lolly.,,,2025-02-18 02:43:59+00,0,5,1,https://twitter.com/dwelliest/status/1891680028410126758,469050089,dwelliest,16700,2025-02-25 05:42:15.470252+00,https://x.com/search?q=bbri%20since%3A2025-02-18%20until%3A2025-02-19%20lang%3Aid&src=typed_query&f=top
1445744,result,3,61693049,0,,,,,,Bos $BBRI lagi mencari penebar fear di saham BBRI  Ayo ngaku  Kali mau dikasih 100 lot saham BBRI 😂  Source: https://t.co/vFNHcewuWY https://t.co/SUh2I7jhWS,1.89169E+18,f,f,0,https://pbs.twimg.com/media/GkChAWsaAAES-t7.jpg,photo,https://pbs.twimg.com/media/GkChAWsaAAES-t7.jpg,,,,,,,,,,Dro,,,2025-02-18 03:19:09+00,0,0,0,https://twitter.com/ndrosubiyanto/status/1891688879050182768,34588976,ndrosubiyanto,255,2025-02-25 05:42:15.744914+00,https://x.com/search?q=bbri%20since%3A2025-02-18%20until%3A2025-02-19%20lang%3Aid&src=typed_query&f=top
1445745,result,4,61693049,0,,,,,,"Investor Asing Borong Saham Bank, BBRI Paling Banyak  https://t.co/Q1au622Vlt",1.89167E+18,f,f,0,,,,,,,,,,,,,Bloomberg Technoz,,,2025-02-18 01:44:49+00,0,1,0,https://twitter.com/BloombergTZ/status/1891665140099031224,1.58297E+18,BloombergTZ,210,2025-02-25 05:42:16.049897+00,https://x.com/search?q=bbri%20since%3A2025-02-18%20until%3A2025-02-19%20lang%3Aid&src=typed_query&f=top
1445746,result,5,61693049,0,,,,,,"BBRI Diborong, Katanya Bisa Segini https://t.co/ezQtKJLlrN via @InvestorID",1.89167E+18,f,f,0,,,,,,,,,,,,,Investor Daily,,,2025-02-18 02:08:53+00,0,0,0,https://twitter.com/InvestorID/status/1891671197378564470,238091066,InvestorID,302,2025-02-25 05:42:16.33586+00,https://x.com/search?q=bbri%20since%3A2025-02-18%20until%3A2025-02-19%20lang%3Aid&src=typed_query&f=top
1445747,result,6,61693049,0,,,,,,Emang udah waktunya cutloss $BBRI,1.89166E+18,f,t,0,,,,,,,,,,,,,Dark side of the moon,https://twitter.com/tanyakanrl/status/Field,1.89E+18,2025-02-18 01:15:32+00,0,0,0,https://twitter.com/arcanecasa/status/1891657771575066967,1.80086E+18,arcanecasa,147,2025-02-25 05:42:16.617637+00,https://x.com/search?q=bbri%20since%3A2025-02-18%20until%3A2025-02-19%20lang%3Aid&src=typed_query&f=top
1445748,result,7,61693049,0,,,,,,BBRI : Apakah sudah selesai tren turunnya? | Elliott Wave Analysis,1.89179E+18,f,f,0,,,,,,,,,,,,,Andriy,,,2025-02-18 10:15:39+00,0,0,1,https://twitter.com/wavetiga/status/1891793694216356037,67387899,wavetiga,49,2025-02-25 05:42:16.932364+00,https://x.com/search?q=bbri%20since%3A2025-02-18%20until%3A2025-02-19%20lang%3Aid&src=typed_query&f=top
1445749,result,8,61693049,0,,,,,,"Saham $BBRI $BMRI $BBNI kompak naik setelah ketiganya kompak mengumumkan rencana buyback. Meski, ada sentimen positif lainnya terkait penguatan rupiah juga sih. https://t.co/OKrSGt5OzR",1.89168E+18,f,f,0,https://pbs.twimg.com/tweet_video_thumb/GkCcwPuboAAuVWb.jpg,animated_gif,,,,,,,,,,,mikir duit,,,2025-02-18 03:00:34+00,0,0,1,https://twitter.com/Mikirduitcom/status/1891684201490997695,1.63743E+18,Mikirduitcom,474,2025-02-25 05:42:17.208196+00,https://x.com/search?q=bbri%20since%3A2025-02-18%20until%3A2025-02-19%20lang%3Aid&src=typed_query&f=top
1385602,result,9,61693049,1,,,,,,"Turut serta beli BBRI, tetapi harga 3800an. 🙏 @indopremier Konten #CeritaRUPS jadi beli untuk datang RUPS Tahunan. Kebetulan pas sedang turun, cuma kebetulan  (Disclaimer On) https://t.co/ra5chXbfgg",1.89176E+18,f,f,1,https://pbs.twimg.com/media/GkDgscHaAAIqXNx.jpg,photo,https://pbs.twimg.com/media/GkDgscHaAAIqXNx.jpg,,,,,,,,,,Giovanni,,,2025-02-18 07:57:23+00,0,0,1,https://twitter.com/KokoGiovanni/status/1891758900312944952,139982550,KokoGiovanni,716,2025-02-25 05:42:17.48114+00,https://x.com/search?q=bbri%20since%3A2025-02-18%20until%3A2025-02-19%20lang%3Aid&src=typed_query&f=top
1445750,result,10,61693049,0,,,,,,Kinerja BTPS posisi Q4 jauh lebih baik dibandingkan Q3 nya. Ada penurunan CKPN yg cukup signifikan. Kondisi yg mirip dengan BBRI.  Bisa dikatakan faktor event pilkada terkonfirmasi mampu membuat daya beli masyarakat naik. https://t.co/JzME3wLBoB,1.89166E+18,f,f,0,https://pbs.twimg.com/media/GkCDhL6bIAATlam.jpg,photo,https://pbs.twimg.com/media/GkCDhL6bIAATlam.jpg,,,,,,,,,,Erose Perwita,,,2025-02-18 01:10:19+00,0,0,1,https://twitter.com/eroseperwita/status/1891656456497143920,2992265519,eroseperwita,72,2025-02-25 05:42:17.757004+00,https://x.com/search?q=bbri%20since%3A2025-02-18%20until%3A2025-02-19%20lang%3Aid&src=typed_query&f=top
1385619,result,11,61693049,1,,,,,,@eko1340 @tanyakanrl Masih pegang bbri dan tlkm. Minus dalam. 🙃🙃,1.89164E+18,f,f,5,,,,,,,,,,,,,dhooo,,,2025-02-18 00:10:50+00,0,0,2,https://twitter.com/yusiwantousenmg/status/1891641490402636260,1.16999E+18,yusiwantousenmg,789,2025-02-25 05:42:18.053445+00,https://x.com/search?q=bbri%20since%3A2025-02-18%20until%3A2025-02-19%20lang%3Aid&src=typed_query&f=top
1445751,result,12,61693049,1,,,,,,TANTE DONA VS BRONDONG 🤤  https://t.co/HA6U3JkUNs https://t.co/KLwBdibVOS https://t.co/NC3McjMFGs https://t.co/lRT4FXtByV  ♨️ Grub: https://t.co/oFk0k0k4gG  pagiii pagii selasa siang danantara bbri kamis lihat dengar pahami shabrina https://t.co/e06g3BXRC0,1.8917E+18,f,f,3,https://pbs.twimg.com/media/GkCrSnhbwAAEyIH.jpg,photo,https://pbs.twimg.com/media/GkCrSnhbwAAEyIH.jpg,,,,,,,,,,Danielle,,,2025-02-18 04:04:04+00,0,1,0,https://twitter.com/orsnery/status/1891700185312465211,7.71944E+17,orsnery,702,2025-02-25 05:42:18.524751+00,https://x.com/search?q=bbri%20since%3A2025-02-18%20until%3A2025-02-19%20lang%3Aid&src=typed_query&f=top
1445752,result,13,61693049,0,,,,,,"Gue mau dump semua emiten yg relate dgn danantara iyes termasuk BMRI BBRI yg udah bertahun tahun gue keep dan terus avd. Sial. Bisa bisa harga sahamnya nyungsep gak ketolong klo si danantara kena fraud. Dan klo ada fraud gimana? Noh, baca slide 4",1.89173E+18,f,t,0,,,,,,,,,,,,,red,https://twitter.com/Nadyamulyadi/status/Field,1.89E+18,2025-02-18 06:06:45+00,0,0,2,https://twitter.com/red_ssss/status/1891731058133024925,66065403,red_ssss,318,2025-02-25 05:42:18.850924+00,https://x.com/search?q=bbri%20since%3A2025-02-18%20until%3A2025-02-19%20lang%3Aid&src=typed_query&f=top
1445753,result,14,61693049,0,,,,,,"Direktur Utama PT Bank Rakyat Indonesia Tbk (BBRI), Sunarso, menegaskan fundamental perusahaan tetap solid dan tidak terpengaruh oleh spekulasi yang disebarkan oleh influencer media sosial.  Baca selengkapnya: https://t.co/V334yx7D7U https://t.co/vRv2Lajugm",1.89176E+18,f,f,1,https://pbs.twimg.com/media/GkDgI_1acAA1HN0.jpg,photo,https://pbs.twimg.com/media/GkDgI_1acAA1HN0.jpg,,,,,,,,,,IDN Financials,,,2025-02-18 07:55:00+00,0,0,0,https://twitter.com/IDNFinancials/status/1891758301685174697,539575639,IDNFinancials,57,2025-02-25 05:42:19.122836+00,https://x.com/search?q=bbri%20since%3A2025-02-18%20until%3A2025-02-19%20lang%3Aid&src=typed_query&f=top
1445754,result,15,61693049,1,,,,,,"Direktur Utama PT Bank Rakyat Indonesia Tbk (BBRI) Sunarso, menyebut para YouTuber memberikan banyak analisa yang tidak akurat karena tidak sesuai dengan fundamental BBRI, sehingga hanya menimbulkan narasi yang tidak tepat.  Simak selengkapnya: https://t.co/58Sal2mwVC https://t.co/SUOchjnVrX",1.89181E+18,f,f,2,https://pbs.twimg.com/media/GkELNvtaAAAeinv.jpg,photo,https://pbs.twimg.com/media/GkELNvtaAAAeinv.jpg,,,,,,,,,,Bloomberg Technoz,,,2025-02-18 11:03:12+00,1,2,0,https://twitter.com/BloombergTZ/status/1891805661987508498,1.58297E+18,BloombergTZ,153,2025-02-25 05:42:19.417083+00,https://x.com/search?q=bbri%20since%3A2025-02-18%20until%3A2025-02-19%20lang%3Aid&src=typed_query&f=top
1445755,result,16,61693049,0,,,,,,Ini Strategi BRI (BBRI) Jaga Pertumbuhan Bisnis di Tengah Ketidakpastian Global https://t.co/NKzR0ZonEH,1.89175E+18,f,f,0,,,,,,,,,,,,,IDX CHANNEL,,,2025-02-18 07:30:00+00,0,0,0,https://twitter.com/idx_channel/status/1891752008668893566,4755284968,idx_channel,106,2025-02-25 05:42:19.731333+00,https://x.com/search?q=bbri%20since%3A2025-02-18%20until%3A2025-02-19%20lang%3Aid&src=typed_query&f=top
1445756,result,17,61693049,2,,,,,,SARAH COSPLAYER HIJAB 🥴  https://t.co/eMxC8A8UsJ https://t.co/i3xuOAMkbP https://t.co/CUYqPfND4y https://t.co/bHm87gfHEz  ♨️ Grub: https://t.co/oFk0k0k4gG  pagiii pagii selasa siang danantara bbri kamis lihat dengar pahami shabrina https://t.co/DPN5UKSt5R,1.8917E+18,f,f,2,https://pbs.twimg.com/media/GkCrqRUaAAMLtwq.jpg,photo,https://pbs.twimg.com/media/GkCrqRUaAAMLtwq.jpg,,,,,,,,,,Danielle,,,2025-02-18 04:05:41+00,0,1,0,https://twitter.com/orsnery/status/1891700592235405410,7.71944E+17,orsnery,823,2025-02-25 05:42:20.074081+00,https://x.com/search?q=bbri%20since%3A2025-02-18%20until%3A2025-02-19%20lang%3Aid&src=typed_query&f=top
1445758,result,18,61693049,0,,,,,,"BBRI Cs Kompak, Dividennya Berapa? https://t.co/4SH3mLAaiC via @InvestorID",1.89165E+18,f,f,0,,,,,,,,,,,,,Investor Daily,,,2025-02-18 00:58:41+00,0,0,0,https://twitter.com/InvestorID/status/1891653529854447621,238091066,InvestorID,232,2025-02-25 05:42:20.401147+00,https://x.com/search?q=bbri%20since%3A2025-02-18%20until%3A2025-02-19%20lang%3Aid&src=typed_query&f=top
1385630,result,19,61693049,0,,,,,,GUYS krn aku liat byk yg panik soal uang di bank bumn jgn panik dl ya... yg disetor ke danantara itu dividen (laba utk pemegang saham) jd selama uang kalian bentuknya bkn saham imo gak (belum) ngefek. kecuali kalian pny sekian lot saham bmri/bbni/bbri nah itu agak mengkhawatirkan,1.89174E+18,f,f,3,,,,,,,,,,,,,fanny with double n,,,2025-02-18 06:45:27+00,0,2,0,https://twitter.com/iceamericanoxx/status/1891740798900707458,886235528,iceamericanoxx,427,2025-02-25 05:42:20.717643+00,https://x.com/search?q=bbri%20since%3A2025-02-18%20until%3A2025-02-19%20lang%3Aid&src=typed_query&f=top
1445762,result,20,61693049,0,,,,,,Jangan mudah terpengaruh! Fundamental BBRI tetap solid di tengah berbagai isu. #BRIuntukNegeri #BBRISolid #qrisbri https://t.co/hyPywDNz4Q,1.89184E+18,f,f,0,https://pbs.twimg.com/media/GkEoZY-bcAAkick.jpg,photo,https://pbs.twimg.com/media/GkEoZY-bcAAkick.jpg,,,,,,,,,,Kirana Larasati,,,2025-02-18 13:10:39+00,0,0,0,https://twitter.com/KiranaL20642691/status/1891837737734455637,1.81637E+18,KiranaL20642691,11,2025-02-25 05:42:25.786768+00,https://x.com/search?q=bbri%20since%3A2025-02-18%20until%3A2025-02-19%20lang%3Aid&src=typed_query&f=top
1445763,result,21,61693049,0,,,,,,"Gara2 soal danantara jadi was2 saham BBRI. mau out tp masih loss 10%, ga out takut makin ancur. Gendut jahannam",1.89166E+18,f,f,1,,,,,,,,,,,,,Muggle,,,2025-02-18 01:34:01+00,0,0,0,https://twitter.com/100prcntmuggle/status/1891662422311571729,4924435333,100prcntmuggle,116,2025-02-25 05:42:26.142464+00,https://x.com/search?q=bbri%20since%3A2025-02-18%20until%3A2025-02-19%20lang%3Aid&src=typed_query&f=top
1445764,result,22,61693049,0,,,,,,"Dirut BRI (BBRI) Sunarso Sebut Bahaya Pemanasan Global, Pamer Realisasi Kredit Berkelanjutan https://t.co/JF5rjXhXCw https://t.co/rEJpS6uxNZ",1.89176E+18,f,f,0,https://pbs.twimg.com/media/GkDkUE8aAAEmQNe.jpg,photo,https://pbs.twimg.com/media/GkDkUE8aAAEmQNe.jpg,,,,,,,,,,BisnisIndonesia.id,,,2025-02-18 08:13:12+00,0,0,0,https://twitter.com/bisnisindo_id/status/1891762879638143102,1.33079E+18,bisnisindo_id,35,2025-02-25 05:42:26.479461+00,https://x.com/search?q=bbri%20since%3A2025-02-18%20until%3A2025-02-19%20lang%3Aid&src=typed_query&f=top
1445765,result,23,61693049,0,,,,,,"Yaampun itu saham BBRI, jgn sampe knp2 🙇🏽",1.89167E+18,f,t,0,,,,,,,,,,,,,🍦,https://twitter.com/Saham_fess/status/Field,1.89E+18,2025-02-18 01:48:41+00,0,0,0,https://twitter.com/baberockabye/status/1891666114469405032,352378162,baberockabye,162,2025-02-25 05:42:26.770108+00,https://x.com/search?q=bbri%20since%3A2025-02-18%20until%3A2025-02-19%20lang%3Aid&src=typed_query&f=top
1445766,result,24,61693049,0,,,,,,"Yg kemarin senin pagi mengawali hari dgn shopping BBCA dan BBRI, akan full senyum selama seminggu ini.",1.89167E+18,f,f,3,,,,,,,,,,,,,Arjun,,,2025-02-18 02:20:51+00,0,0,0,https://twitter.com/radenmasabimana/status/1891674208242942010,1.78043E+18,radenmasabimana,220,2025-02-25 05:42:27.130103+00,https://x.com/search?q=bbri%20since%3A2025-02-18%20until%3A2025-02-19%20lang%3Aid&src=typed_query&f=top
1445767,result,25,61693049,0,,,,,,ini nasib bbri gue gimana anjeng,1.8917E+18,f,t,0,,,,,,,,,,,,,Karang,https://twitter.com/tanyakanrl/status/Field,1.89E+18,2025-02-18 04:00:29+00,0,0,0,https://twitter.com/karangkurang/status/1891699282371101034,1.28143E+18,karangkurang,142,2025-02-25 05:42:27.446839+00,https://x.com/search?q=bbri%20since%3A2025-02-18%20until%3A2025-02-19%20lang%3Aid&src=typed_query&f=top
1445768,result,26,61693049,0,,,,,,$BBRI Sesuai Target kita semua yaaa 🤝 https://t.co/e7Hwv6XKif,1.8918E+18,f,t,0,https://pbs.twimg.com/media/GkEI6zBaAAUOHuI.jpg,photo,https://pbs.twimg.com/media/GkEI6zBaAAUOHuI.jpg,,,,,,,,,,DNA 𝕏,https://twitter.com/dnnxafx/status/Field,1.89E+18,2025-02-18 10:53:10+00,0,0,0,https://twitter.com/dnnxafx/status/1891803138006368291,1.71923E+18,dnnxafx,33,2025-02-25 05:42:27.786081+00,https://x.com/search?q=bbri%20since%3A2025-02-18%20until%3A2025-02-19%20lang%3Aid&src=typed_query&f=top
1445769,result,27,61693049,0,,,,,,"BBRI, BMRI, BBNI, dan BBTN Kompak Ubah Jadwal RUPST https://t.co/1FWEoa430r via @InvestorID",1.89198E+18,f,f,0,,,,,,,,,,,,,Investor Daily,,,2025-02-18 22:43:41+00,0,0,0,https://twitter.com/InvestorID/status/1891981945648840924,238091066,InvestorID,245,2025-02-25 05:42:28.107418+00,https://x.com/search?q=bbri%20since%3A2025-02-18%20until%3A2025-02-19%20lang%3Aid&src=typed_query&f=top
1445770,result,28,61693049,0,,,,,,Saham BBRI potensi membentuk pattern double bottom jika konfirmasi breakout 4300. Channel https://t.co/xBidHQE925 https://t.co/g56AV6wi6R,1.89169E+18,f,f,3,https://pbs.twimg.com/media/GkCgWKUaAAIfINz.jpg,photo,https://pbs.twimg.com/media/GkCgWKUaAAIfINz.jpg,,,,,,,,,,www.rikopedia.com,,,2025-02-18 03:16:16+00,0,0,0,https://twitter.com/RIKOPEDIA2008/status/1891688153972367455,465464916,RIKOPEDIA2008,106,2025-02-25 05:42:28.43315+00,https://x.com/search?q=bbri%20since%3A2025-02-18%20until%3A2025-02-19%20lang%3Aid&src=typed_query&f=top
1445771,result,29,61693049,0,,,,,,"iseng mantengin Running Trade, ini kog $BBRI $BBNI dan $BBCA tebal banget ini yg belanja.  lot jumbo pulak.  manteb ini Sektor BANK",1.89169E+18,f,f,5,,,,,,,,,,,,,DiaryTrader,,,2025-02-18 03:20:32+00,0,1,0,https://twitter.com/WOLF_of_IHSG/status/1891689227244507393,1.50914E+18,WOLF_of_IHSG,745,2025-02-25 05:42:28.727446+00,https://x.com/search?q=bbri%20since%3A2025-02-18%20until%3A2025-02-19%20lang%3Aid&src=typed_query&f=top
1445772,result,30,61693049,0,,,,,,"Saham BBRI berpotensi pulih, karena fundamentalnya kuat. #BRIuntukNegeri #BBRISolid #qrisbri https://t.co/acfjnZiHYM",1.89179E+18,f,f,0,https://pbs.twimg.com/media/GkD7KzEaAAAIwrL.jpg,photo,https://pbs.twimg.com/media/GkD7KzEaAAAIwrL.jpg,,,,,,,,,,Wiwin Suwandi,,,2025-02-18 09:53:06+00,0,0,0,https://twitter.com/WiwinSuwan15885/status/1891788021395026415,1.8084E+18,WiwinSuwan15885,18,2025-02-25 05:42:29.066243+00,https://x.com/search?q=bbri%20since%3A2025-02-18%20until%3A2025-02-19%20lang%3Aid&src=typed_query&f=top
,,,,,,,,,,,,,,,,,,,,,,,,,,,,,,,,,,,,,,,
,,,,,,,,,,,,,,,,,,,,,,,,,,,,,,,,,,,,,,,
Export limit reached - Get the full dataset with our premium plans,,,,,,,,,,,,,,,,,,,,,,,,,,,,,,,,,,,,,,,
Upgrade to export all your data with the link below:,,,,,,,,,,,,,,,,,,,,,,,,,,,,,,,,,,,,,,,
https://app.lobstr.io/dashboard/pricing,,,,,,,,,,,,,,,,,,,,,,,,,,,,,,,,,,,,,,,
