conversation_id_str,created_at,favorite_count,full_text,id_str,image_url,in_reply_to_screen_name,lang,location,quote_count,reply_count,retweet_count,tweet_url,user_id_str,username
1894077747158196565,Mon Feb 24 23:32:56 +0000 2025,0,@ketendunk gw mah ada BBRI buat longterm ak pnya bca bni mandiri bri pun so far so good kok BRI bnyk promo dan atm nya dimana aj ampe plosok gak nemu kendala blas,1894168664112267326,,ketendunk,in,Semarang,0,0,0,https://x.com/YurihVera/status/1894168664112267326,1591755077613936640,YurihVera
1894153617768062980,Mon Feb 24 22:33:08 +0000 2025,0,konyol banget tidur malem gua kebangun gara2 mimpi bbri gua minus 700 ribu,1894153617768062980,,,in,public diary 💭🎧🫧,0,1,0,https://x.com/twealos/status/1894153617768062980,1005118879570354176,twealos
1893871676942696743,Mon Feb 24 22:19:36 +0000 2025,1,@DEC15811147 @Gunawanpark @DDDSwordX @Mdy_Asmara1701 @prabowo Dari agustus itu sudah ada tanda² deflasi. Di tambah kebijakan² yang aneh. Makanya investor asing itu pada buang barang. Liat aja bbri dari akhir tahun asing pada jualan.,1894150209275613438,,aaaa6210297,in,,0,0,0,https://x.com/aaaa6210297/status/1894150209275613438,1883924911439380480,aaaa6210297
1894143442055565353,Mon Feb 24 21:54:35 +0000 2025,0,saham BBRI favorit kebanyakan investor: SMUA portofolio diwarnai IJOnya CUTE bbri dalam portofolio warteg saham BY JO ot B ot C ot P: 24/02/2025,1894143916452319376,,jo_maenSaham,in,,0,1,0,https://x.com/jo_maenSaham/status/1894143916452319376,1695285482861834240,jo_maenSaham
1894140717733237001,Mon Feb 24 21:41:53 +0000 2025,1,Beruntung udah cutloss di BBRI pindah ke swasta,1894140717733237001,,,in,,0,1,0,https://x.com/damsahel/status/1894140717733237001,550738574,damsahel
1894049264411570627,Mon Feb 24 18:32:57 +0000 2025,1,@_bbri lit!!!! me hackearon,1894093171153629204,,_bbri,en,,0,1,0,https://x.com/kzuhai/status/1894093171153629204,1349858440752091137,kzuhai
1894089069258297515,Mon Feb 24 18:16:39 +0000 2025,0,Tremendo flashback con el sonidito del celular,1894089069258297515,,,it,Sunsun🍯,0,0,0,https://x.com/_bbri/status/1894089069258297515,624825620,_bbri
1894049264411570627,Mon Feb 24 18:10:36 +0000 2025,0,@kzuhai Jamás creí ver el día en que dijeras esto,1894087545845133726,,kzuhai,es,Sunsun🍯,0,1,0,https://x.com/_bbri/status/1894087545845133726,624825620,_bbri
1894049264411570627,Mon Feb 24 18:10:27 +0000 2025,0,@kzuhai QUEEEE,1894087508192833914,,kzuhai,und,Sunsun🍯,0,0,0,https://x.com/_bbri/status/1894087508192833914,624825620,_bbri
1894069899237917178,Mon Feb 24 17:00:28 +0000 2025,0,No contar absolutamente nada es lo mejor q me esta pasando,1894069899237917178,,,es,"Rosario, Argentina",0,0,0,https://x.com/bbri__22/status/1894069899237917178,1618316964941684775,bbri__22
1894064138256609484,Mon Feb 24 16:37:35 +0000 2025,0,bbri pd mines,1894064138256609484,,,in,,0,0,0,https://x.com/urpr1ncesss/status/1894064138256609484,1172005626546769920,urpr1ncesss
1894064005825577355,Mon Feb 24 16:37:03 +0000 2025,0,DANANTARA di rilis hari ini oleh Presiden Prabowo bagaimana reaksi pasar saham &amp; uang? #CTASaham #Saham #IDX #BEI #IHSG #BUMN20 #LQ45 #Danantara #Prabowo #SWF #BMRI #BBCA #BBRI #BBNI #ASII #TLKM #WIFI #Algoritmatradingctasaham #AICTASaham #Tradeschool #kompascom #bisnisnews https://t.co/Z8gzVvi42A,1894064005825577355,https://pbs.twimg.com/media/GkkRLDuXMAIISF7.jpg,,in,Jakarta - Bandung - Bali,0,0,0,https://x.com/andri_zakarias/status/1894064005825577355,85741863,andri_zakarias
1893891054937522243,Mon Feb 24 16:34:43 +0000 2025,0,@inieskap gw skrg juga udah MALES pake bbri,1894063416882450607,,inieskap,in,,0,0,0,https://x.com/barudakHI/status/1894063416882450607,1358622502671425538,barudakHI
1894057789670162589,Mon Feb 24 16:12:21 +0000 2025,0,Waktu yang tepat untuk membeli saham perbankan adalah bulan bulan ini $BBRI $BMRI $BBNI ditengah kekhawatiran investor perihal Danantara.,1894057789670162589,,,in,69,0,0,0,https://x.com/DenmasRohiim/status/1894057789670162589,1114885880336924672,DenmasRohiim
1893986796196769845,Mon Feb 24 16:10:27 +0000 2025,0,@dizdle bbri itu ikut indeks ngeliatnya bukan jangka pendek atau menengah tapi panjang minimal 20 tahun baru berasa,1894057311884226823,,dizdle,in,,0,1,0,https://x.com/bxcardies/status/1894057311884226823,1597554067479273473,bxcardies
1894056514869961122,Mon Feb 24 16:07:17 +0000 2025,0,a melhor parte de ir para faculdade era fazer carinho nos gatos do PAF VI do ponto de ônibus até a entrada tinha um risco de 60% de assalto na ida e 87% na volta? sim mas os gatinhos eram tão fofos,1894056514869961122,,,pt,,0,0,0,https://x.com/her0bbri/status/1894056514869961122,928382372818685952,her0bbri
1894053220957233383,Mon Feb 24 15:54:12 +0000 2025,0,Hmmm menariq bru liat klu shm bank2 himb4r4 pd lg tes support tp emang volume buangan lbh gede drpd pas naik sih BMRI udh hampir kena target dotop. BBRI daily kepentok MA60. BBNI merah mulu Let's see support2nya yg skrg jebol apa gak...,1894053220957233383,,,in,Jakarta (UTC+7:00),0,0,0,https://x.com/shmininra/status/1894053220957233383,273806084,shmininra
1893903956742434844,Mon Feb 24 15:29:07 +0000 2025,0,@bbri__22 Las odddddio,1894046909343379950,,bbri__22,es,"Rosario, Argentina",0,0,0,https://x.com/dnewells16/status/1894046909343379950,1043888723274997760,dnewells16
1894041543821910344,Mon Feb 24 15:07:48 +0000 2025,0,Vamos cerrando el ortito es temprano para socializar tanto,1894041543821910344,,,es,Sunsun🍯,0,0,0,https://x.com/_bbri/status/1894041543821910344,624825620,_bbri
1893879207748411619,Mon Feb 24 15:04:29 +0000 2025,0,@Saham_fess Menyesal 18 bulan jagain bbri malah -26% ,1894040710224953582,,Saham_fess,in,District 12.,0,0,0,https://x.com/AlamsyahZhar/status/1894040710224953582,575168743,AlamsyahZhar
1894039456342053293,Mon Feb 24 14:59:30 +0000 2025,0,En efecto en cine,1894039456342053293,,,es,Sunsun🍯,0,0,0,https://x.com/_bbri/status/1894039456342053293,624825620,_bbri
1894036009345499163,Mon Feb 24 14:45:48 +0000 2025,0,Se ve hermosaaaa por siempre team Blair y Leighton,1894036009345499163,,,es,Sunsun🍯,0,0,0,https://x.com/_bbri/status/1894036009345499163,624825620,_bbri
1894035398504087798,Mon Feb 24 14:43:23 +0000 2025,0,bbriだ。。。。‼️(歓喜),1894035398504087798,,,ja,,0,0,0,https://x.com/nntm_noru/status/1894035398504087798,1874112561727365127,nntm_noru
1893886069587783728,Mon Feb 24 14:38:38 +0000 2025,1,@tempodotco Dlm 6 bulan saham BBRI terkoreksi 26%. Indeks mengalami down trend. Tapi kita tak bisa berbuat apa-apa sebelum semuanya jelas,1894034205278970332,,tempodotco,in,,0,0,0,https://x.com/gerry_wuryanto/status/1894034205278970332,1624938938820620288,gerry_wuryanto
1894032100296151145,Mon Feb 24 14:34:07 +0000 2025,0,@vantedelune bbri udah ijo lagi tuh chel ,1894033066877718995,,vantedelune,in,busy (inactive),0,1,0,https://x.com/joontriever/status/1894033066877718995,750019998,joontriever
1894032341393162309,Mon Feb 24 14:31:14 +0000 2025,0,BBRI 1960 njirrrrr,1894032341393162309,,,in,Indonesia,0,0,0,https://x.com/ReaMaia/status/1894032341393162309,93543489,ReaMaia
1894032100296151145,Mon Feb 24 14:30:16 +0000 2025,0,memantau saham bbni bbri bmri tlkm hari ini https://t.co/wdCE1Pg45t,1894032100296151145,https://pbs.twimg.com/media/Gkj0KDGWYAAvufc.jpg,,in,,0,2,0,https://x.com/vantedelune/status/1894032100296151145,762570106245308417,vantedelune
1893886069587783728,Mon Feb 24 14:29:36 +0000 2025,0,@tempodotco harga saham nya juga turun terus ... kapan buyback nih BBRI BMRI BBTN agar kerek harga saham nya ,1894031930514964877,,tempodotco,in,Jakarta,0,0,0,https://x.com/kanghaddy/status/1894031930514964877,132839459,kanghaddy
1894020687544594799,Mon Feb 24 13:44:55 +0000 2025,0,Danantara flop. BBRI BMRI BBNI flop. TLKM fuck u,1894020687544594799,,,in,"kasur, terpantau rebahan",0,0,0,https://x.com/dugonginluv/status/1894020687544594799,1251552107456389122,dugonginluv
1893990494751150233,Mon Feb 24 13:44:21 +0000 2025,2,@Saham_fess Untuk sementara saham itu haram nder kalo bbri sudah ke 5000 fatwa nya akan di cabut.,1894020543675785298,,Saham_fess,in,"Makassar, Indonesia",0,0,0,https://x.com/bASRIKhan5/status/1894020543675785298,1567477421104074752,bASRIKhan5
1893990494751150233,Mon Feb 24 13:43:39 +0000 2025,0,@Saham_fess Bbri emg harga wajar 3800an kok. Danantara tambah makin males investornya Gua dari awal Prabowo blunder udh gak lirik BUMN lagi,1894020365774459252,,Saham_fess,in,,0,0,0,https://x.com/miracleflowww/status/1894020365774459252,1770433612682534912,miracleflowww
1893925282530103690,Mon Feb 24 13:37:40 +0000 2025,0,@kemgelapan All in bbri,1894018861277610104,,kemgelapan,en,,0,0,0,https://x.com/UBenzaid/status/1894018861277610104,1770529853764497408,UBenzaid
1894017394504245602,Mon Feb 24 13:31:54 +0000 2025,1,Contoh Tuan A membeli saham BBRI pada 2021 sebanyak 100.000 lembar dan tidak pernah menambah / menjualnya Dividen 3 tahun terakhir Rp 17.425.000 1 April 2022 Rp 5.700.000 27 Januari 2023 Rp 23.122.139 12 April 2023 Rp 8.400.000 18 Jan 2024 Rp 23.500.000 28 Maret 2024,1894017409171808461,,Rudiyanto_zh,in,"Denpasar Selatan, Indonesia",0,1,0,https://x.com/Rudiyanto_zh/status/1894017409171808461,574453228,Rudiyanto_zh
1893919981404029343,Mon Feb 24 13:31:41 +0000 2025,0,@JhonSitorus_18 @juarakelasuajy Itu BBNI BBRI ada CA mau buyback saham. Yakali lu beli saham maunya di harga tinggi ? Benci boleh tapi dungu ya jangan lah lae. Jangan lah kau tebar kebodohanmu sendiri.,1894017358227763316,,JhonSitorus_18,in,"Batavia, Dutch East Indies",0,0,0,https://x.com/BataviaRegion/status/1894017358227763316,1113237298034774016,BataviaRegion
1894017277642637577,Mon Feb 24 13:31:22 +0000 2025,0,Ya allah ini nasib saham bbri q gmna ,1894017277642637577,,,in,"DKI Jakarta, Indonesia",0,1,0,https://x.com/DesminDesii/status/1894017277642637577,2269834176,DesminDesii
1894016973899546913,Mon Feb 24 13:30:10 +0000 2025,0,Llevo como 1 año esperando el milagroooo,1894016973899546913,,,es,Sunsun🍯,0,0,0,https://x.com/_bbri/status/1894016973899546913,624825620,_bbri
1893990494751150233,Mon Feb 24 13:29:59 +0000 2025,0,@Saham_fess loh aku malah baru nyicil 2 lot lagi di $BBRI ,1894016927489479106,,Saham_fess,in,Amerika Latin,0,0,0,https://x.com/bulanmemancar/status/1894016927489479106,1130190590438567937,bulanmemancar
1893919981404029343,Mon Feb 24 13:29:22 +0000 2025,3,@juarakelasuajy @JhonSitorus_18 bang bbri dah turun diatas 10% ytd market indo emang lagi ga sehat kok,1894016774347067760,,juarakelasuajy,in,,0,1,0,https://x.com/atmikaw_chii/status/1894016774347067760,752852268,atmikaw_chii
1894015054284009594,Mon Feb 24 13:22:32 +0000 2025,0,Yo ya estuve en estos juegooss,1894015054284009594,,,es,Sunsun🍯,0,0,0,https://x.com/_bbri/status/1894015054284009594,624825620,_bbri
1894014224965239146,Mon Feb 24 13:19:14 +0000 2025,0,kok ada org yg nyangkut di bbri,1894014224965239146,,,in,ocean,0,0,0,https://x.com/cpmilktea/status/1894014224965239146,1250297228192702464,cpmilktea
1894012316770800064,Mon Feb 24 13:11:40 +0000 2025,0,Recomiendo saltarse ese evento canónico,1894012316770800064,,,es,Sunsun🍯,0,0,0,https://x.com/_bbri/status/1894012316770800064,624825620,_bbri
1893870411785318527,Mon Feb 24 13:11:08 +0000 2025,0,@22per7sehan Minim cash nyangkut di BBRI wkwk,1894012185837510996,,22per7sehan,in,,0,1,0,https://x.com/jalmisehat/status/1894012185837510996,1245036820003315714,jalmisehat
1894012125053378670,Mon Feb 24 13:10:54 +0000 2025,0,kira2 saham bbri yg gk seberapa sy punya ini mending diambil trus buat bli kartu pokemon ap egk,1894012125053378670,,,in,"St. Gallen, Switzerland",0,0,0,https://x.com/balabetdil/status/1894012125053378670,1003817482623148033,balabetdil
1893990494751150233,Mon Feb 24 13:10:51 +0000 2025,0,@Saham_fess Dari Top 3 gua 2 nya itu bbri sama bmri :(,1894012113125093427,,Saham_fess,in,,0,0,0,https://x.com/richzihann/status/1894012113125093427,1333725180783312898,richzihann
1893990494751150233,Mon Feb 24 13:06:38 +0000 2025,0,@Saham_fess Setia menunggu BBRI 2500 ,1894011051429265738,,Saham_fess,in,,0,0,0,https://x.com/the_unlimited17/status/1894011051429265738,1783444386862571520,the_unlimited17
1893987678917382445,Mon Feb 24 12:45:28 +0000 2025,0,@ApestorNyangkut Parah sih. Kalo beneran sih OJK bener2 dilangkahi banget. Tapi bisa aja ngelesnya buat modal awal yg cuma 1x itu. Gua rasa ada informasi yg kurang pas deh soal laba konsol BUMN yg 304 triliun itu yg sebenernya ada minority interestnya. BBRI 3.600 bukan tidak mungkin,1894005725950570852,,ApestorNyangkut,in,Indonesia,0,1,0,https://x.com/darma_lix/status/1894005725950570852,1641611852315787264,darma_lix
1894003835863003429,Mon Feb 24 12:37:58 +0000 2025,2,Oke diluar kripto tapi gw rasa ini masih sangat relevan untuk gw bawa disini as an investment opportunity. $BBRI turun -42% di tengah ekonomi yang relatif stabil tanpa ada resesi dengan laba dan pendapatan yang terus naik setiap tahunnya. Sampai berjumpa dalam 6 bulan. https://t.co/IybJeRTigH,1894003835863003429,https://pbs.twimg.com/media/GkjZ0okWkAED0B5.jpg,,in,Indonesia,0,0,0,https://x.com/MasAnbu_/status/1894003835863003429,1892439127246983170,MasAnbu_
1894003317375943159,Mon Feb 24 12:35:54 +0000 2025,0,Oke karena ada pemindahan masal ke bca bbri bbni bmri jual aja pindah ke bbca ,1894003317375943159,,,in,Hi,0,0,0,https://x.com/kejublender/status/1894003317375943159,1467827060127059969,kejublender
1893987678917382445,Mon Feb 24 12:29:59 +0000 2025,0,@ApestorNyangkut Campur2 sih Om. Tapi tetep ngandelin BBRI BMRI buat top contributornya. https://t.co/PicDiGV7Mq Masalahnya DPR mereka ga yg kecil kan (80 dan 60 persen).,1894001828158664787,,ApestorNyangkut,in,Indonesia,0,1,0,https://x.com/darma_lix/status/1894001828158664787,1641611852315787264,darma_lix
1893919981404029343,Mon Feb 24 12:26:41 +0000 2025,15,@JhonSitorus_18 Cukup setuju. Mngkin efek lebih gedenya bisa diliat dari kemarin juga waktu ada desas desus pembuatan danantara. Kalau dilihat dari time frame 1-2 minggu ke belakang mungkin ada sedikit jawaban kalau BMRI BBRI Atau BBNI anjlok Ini adalah momen ketika berita Danantara anget https://t.co/tFl9tLAQda,1894000997472534560,https://pbs.twimg.com/media/GkjX3LjbkAAUPtp.jpg,JhonSitorus_18,in,"Yogyakarta, Indonesia",3,2,4,https://x.com/juarakelasuajy/status/1894000997472534560,935281660169302021,juarakelasuajy
1893650822543651305,Mon Feb 24 12:19:04 +0000 2025,1,@sous_mj おめでとうー,1893999081648779308,,sous_mj,ja,大阪,0,1,0,https://x.com/0RsSMPhbgBbriXV/status/1893999081648779308,749247611224203264,0RsSMPhbgBbriXV
1893990494751150233,Mon Feb 24 12:18:54 +0000 2025,0,@onlyhumon @Saham_fess Bener makin banyak retail yg nampung makin baik jaga kemurnian saham BBRI jauhkan dari bandar,1893999040762687557,,onlyhumon,in,,0,0,0,https://x.com/fx_raptor/status/1893999040762687557,482871306,fx_raptor
1893919981404029343,Mon Feb 24 12:16:17 +0000 2025,90,@JhonSitorus_18 Gw benci banget sama Danantara tapi framing ini ga se-100% itu juga. Cmiiw BUMN yang masuk top 10 IHSG by mkt. cap itu cuma 4 (ada $bmri $bbni $tlkm and $bbri). 4 ini pun gaada penurunan dibawah 2% hari ini IHSG akhir akhir ini turun karena Salah pemerintah juga tapi https://t.co/d0YocLAkVs,1893998382923821269,https://pbs.twimg.com/media/GkjVfKOa4AA-h4x.jpg,JhonSitorus_18,in,"Yogyakarta, Indonesia",0,7,11,https://x.com/juarakelasuajy/status/1893998382923821269,935281660169302021,juarakelasuajy
1893998314770571620,Mon Feb 24 12:16:01 +0000 2025,1,$BBRI kynya doble bottom. Beberapa Fund besar mulai masuk. Semoga tertahan 3800,1893998314770571620,,,in,,0,2,0,https://x.com/Gieehad/status/1893998314770571620,1034308064,Gieehad
1893990494751150233,Mon Feb 24 12:10:21 +0000 2025,2,@Saham_fess jangankan bbri bigbank semua saya hold meskipun harap harap cemas. selama blm cl minusmu masih diangan angan saja,1893996889621631384,,Saham_fess,in,"Yogyakarta, Indonesia",0,0,0,https://x.com/bayjeengan/status/1893996889621631384,1238667806,bayjeengan
1893996198765158698,Mon Feb 24 12:07:37 +0000 2025,0,Indeks negara lain juga sama. Bbri pgeo hari ini hijau cukup menjanjikan.,1893996198765158698,,,in,Canberra,0,0,0,https://x.com/ZknBoy/status/1893996198765158698,618214597,ZknBoy
1893995546521612379,Mon Feb 24 12:05:01 +0000 2025,1,BBRI KAEF JSMR PTBA TINS ANTM. sell semua. Walaupun gak berpengaruh banyak ini salah satu protes gua kepada presiden Prabowo yang sudah mulai proyek danantara. Gua yakin kedepannya pasti jadi ladang korupsi.,1893995546521612379,,,in,,0,0,0,https://x.com/tfkwlyptr/status/1893995546521612379,1854719175815839747,tfkwlyptr
1893859907792965888,Mon Feb 24 12:01:54 +0000 2025,0,@jackjackparrr IHSG mengalami down trend BBRI koreksi 26% dlm 6 bulan terakhir. sepertinya investor tidak percaya. Kita tidak bisa marah sebelum ada kejadian ( korupsi/ Miss management). Jika melihat track record pemerintah sering gagal dlm pengelolaan keuangan. Smga tdk trjd lgi,1893994760857157668,,jackjackparrr,in,,0,0,0,https://x.com/gerry_wuryanto/status/1893994760857157668,1624938938820620288,gerry_wuryanto
1893993198537629781,Mon Feb 24 11:55:41 +0000 2025,0,IHSG akhir akhir ini mengalami down trend. BBRI dalam 6 bulan terakhir mengalami koreksi 26%. Respon para investor begitu negatif. semoga ini bukan karena #Danantara,1893993198537629781,,,in,,0,0,0,https://x.com/gerry_wuryanto/status/1893993198537629781,1624938938820620288,gerry_wuryanto
1893990494751150233,Mon Feb 24 11:55:35 +0000 2025,0,@Saham_fess BBRI dah sideways kok itu selama support 3800 gak jebol harusnya aman. Pantau aja,1893993173568868534,,Saham_fess,in,★,0,0,0,https://x.com/bobsby/status/1893993173568868534,912536264405954560,bobsby
1893990494751150233,Mon Feb 24 11:44:57 +0000 2025,229,shm! buat yg terlanjur nyangkut di bbri terus sekarang ada danantara enaknya gimana ya? cutloss atau hold aja? jujur gw gak yakin sama danantara :(,1893990494751150233,,,in,Sukses Finansial,15,73,14,https://x.com/Saham_fess/status/1893990494751150233,1336580251493646343,Saham_fess
1893962206485815409,Mon Feb 24 11:39:03 +0000 2025,0,@ekokuntadhi1 Berjatuhan ya karena market aja apa hubungan ama danantara. Kalau dilihat hari ini saja saat pengumuman danantara Tuh BBRI PGAS naek,1893989013049983182,,ekokuntadhi1,in,,0,0,0,https://x.com/paxpux/status/1893989013049983182,1746719914289963008,paxpux
1893987529902473728,Mon Feb 24 11:33:12 +0000 2025,0,Ketujuh BUMN tersebut menyumbang Rp81 7 triliun atau 95 55 persen dari total dividen BUMN yang masuk dalam pos Penerimaan Negara Bukan Pajak (PNBP). sumber: (@idx_channel) #MNCSekuritas #MotionTrade #SAHAM #DANANTARA #BUMN #INVESTASI #NEWS #EMITEN #TLKM #BMRI #BBNI #BBRI,1893987536906682873,,MNCSekuritas,in,Indonesia,0,0,0,https://x.com/MNCSekuritas/status/1893987536906682873,2349339355,MNCSekuritas
1893986796196769845,Mon Feb 24 11:30:15 +0000 2025,1,Aduh Danantara bikin saham BBRI gue minus aja deh ,1893986796196769845,,,in,"New Orleans, LA",0,1,0,https://x.com/dizdle/status/1893986796196769845,2952522368,dizdle
1893903956742434844,Mon Feb 24 11:22:09 +0000 2025,1,@dnewells16 Mala y puta,1893984759576998176,,dnewells16,es,"Rosario, Argentina",0,1,0,https://x.com/bbri__22/status/1893984759576998176,1618316964941684775,bbri__22
1893980328399655015,Mon Feb 24 11:04:33 +0000 2025,0,Sp 24/2 : 1. Bris bbri lsip msky. 2. Simp pgas fwct dooh.,1893980328399655015,,,in,Jakarta Capital Region,0,0,0,https://x.com/belijualsaham/status/1893980328399655015,913640482537742337,belijualsaham
1893972185708187716,Mon Feb 24 10:32:12 +0000 2025,0,Good time untuk melepas saham BBRI dan totally cabut dri BUMN,1893972185708187716,,,in,,0,0,0,https://x.com/Azeotropical/status/1893972185708187716,869306957181501441,Azeotropical
1893968421815271548,Mon Feb 24 10:17:14 +0000 2025,0, 24/2/25 $BBCA ↓0 83%/d -75 00 Max 0 84% (100 00) 8.875 00-8.975 00 $BMRI ↓0 99%/d -50 00 Max 1 20% (95 00) 4.980 00-5.075 00 $BBNI ↓0 33%/d -100 00 Max 2 55% (120 00) 4.200 00-4.320 00 $BBRI ↑0 77%/d +30 00 Max 1 53% (70 00) 3.870 00-3.940 00 #idx #bank #idr,1893968421815271548,,,fr,Indonesia ,0,0,0,https://x.com/JuniarArdian3/status/1893968421815271548,1574320824718626816,JuniarArdian3
1893875005164847605,Mon Feb 24 10:07:44 +0000 2025,0,@Metro_TV Saham BBRI langsung nyungsep dalem,1893966028587020600,,Metro_TV,in,,0,0,0,https://x.com/prabowow_/status/1893966028587020600,882454974,prabowow_
1893960784570429880,Mon Feb 24 09:46:53 +0000 2025,2,ihsg himbara makin kyk gorengan kecuali bbri,1893960784570429880,,,in,,0,0,0,https://x.com/kulitjeruklemon/status/1893960784570429880,1047918795220631552,kulitjeruklemon
1893951571433852977,Mon Feb 24 09:10:17 +0000 2025,7,Ini sudah dilakukan oleh Mas Asing di BBRI. Mau kamu aliran mana pun. Semuanya kena. Setiap Support berhasil jadi tempat jualan Big Boy BBRI. Bukan kah yang ikut Big Player juga bisa kena prank? Jadi sama aja. Itu kenapa ada ilmu bernama Risk Management.,1893951571433852977,,,in,Indonesia,0,2,0,https://x.com/kuahcotoenak/status/1893951571433852977,1181587970698039296,kuahcotoenak
1893951424918090238,Mon Feb 24 09:09:42 +0000 2025,0,Me hizo transportar a tantos recuerdos,1893951424918090238,,,es,"Rosario, Argentina",0,0,0,https://x.com/bbri__22/status/1893951424918090238,1618316964941684775,bbri__22
1893943581812969544,Mon Feb 24 08:38:32 +0000 2025,0,🇮🇩Danantara bakal invest sekitar $20 miliar dalam lebih dari 20 proyek dalam berbagai sektor. All eyes on $BMRI $BBNI $BBRI $TLKM https://t.co/rNZE9u3aji,1893943581812969544,,,in,Indonesia,0,0,0,https://x.com/AnantaSumantera/status/1893943581812969544,1180586766132072451,AnantaSumantera
1893939140581794215,Mon Feb 24 08:21:55 +0000 2025,0,Sorry for my pessimistic outlook. Udah lama gk nabung di bank bumn juga lagian. Tapi untuk medium term udh waktunya jual seluruh aset di BBRI ,1893939400406409685,,combatzknife,in,,0,0,0,https://x.com/combatzknife/status/1893939400406409685,1254603325,combatzknife
1893939386091266341,Mon Feb 24 08:21:51 +0000 2025,0,Narik semua saham $bbri bodo amat lah rugi. Eneg sama negara ini.,1893939386091266341,,,in,"Jakarta Capital Region, Indone",0,0,0,https://x.com/one_ted/status/1893939386091266341,59773611,one_ted
1893937049582895206,Mon Feb 24 08:17:29 +0000 2025,0,@profesor_saham mau saranin BBRI tapi skrg baiknya diserok aja dulu inves masi ragu juga,1893938284230750631,,profesor_saham,in,,0,0,0,https://x.com/xitssmarcooo/status/1893938284230750631,1101795862559154178,xitssmarcooo
1893933951770661346,Mon Feb 24 08:00:16 +0000 2025,6,Saran gw paling bener nabung di BCA kalo modelnya kaya gini. 7 perusahaan BUMN yg digadang2 asetnya dikelola Danantara. 1. PT Pertamina (Persero) 2. Mining Industry Indonesia (MIND ID) 3. PT PLN (Persero) 4. PT Telkom Indonesia 5. BBRI 6. BNI 7. Mandiri https://t.co/wDP0n1aDzq https://t.co/WV5ATwzGfN,1893933951770661346,https://pbs.twimg.com/ext_tw_video_thumb/1893933852160143360/pu/img/gNB46YmDEeRxb7fO.jpg,,in,,0,0,2,https://x.com/__PASMANTAP/status/1893933951770661346,1538126868477399042,__PASMANTAP
1893932756805018096,Mon Feb 24 07:55:31 +0000 2025,0,Saham apa lagi yang terimbas dari peresmian #Danantara ? #BUMN #TLKM #BBRI #BMRI #BBNI #infosaham #pasarmodal #sahampemula #ciptadana #bluechip https://t.co/arDoegRW2O,1893932756805018096,https://pbs.twimg.com/media/GkiZyIaXEAAkaOO.jpg,,in,"DKI Jakarta, Indonesia",0,0,0,https://x.com/ciptabluechip/status/1893932756805018096,1396754054915653634,ciptabluechip
1893917308902384068,Mon Feb 24 06:54:08 +0000 2025,0,Gw nyindir bbri dikit aja ada akun tiba2 jbjb sinis. Pas gw kulik ternyata dia pegawai marketingnya BRI.,1893917308902384068,,,in,Jakarta Capital Region,0,0,0,https://x.com/mameecel/status/1893917308902384068,1694723618545221632,mameecel
1893901600323780873,Mon Feb 24 06:25:33 +0000 2025,0,So sentimen negatif Danantara ini gabakal ngaruh apa apa ke Saham BUMN kaya $BMRI $BBRI $BBNI even mngkin $TLKM Basically IHSG juga udah tumbang. Posisi harga dah diskon. Strong buy dari cukong gabisa dicounter sama gerakan tarik uang masal bank bumn (walau sbnrnya gw dukung),1893910115176071633,,juarakelasuajy,in,"Yogyakarta, Indonesia",0,0,0,https://x.com/juarakelasuajy/status/1893910115176071633,935281660169302021,juarakelasuajy
1893906098790301871,Mon Feb 24 06:18:20 +0000 2025,1,@PPayung4683 @teguh3x short atau sell udah ga bijak banyak bank bumn dekat valuasi minimalnya sabar tunggu risk reward membaik sekarang malah keliatannya titik asing akan beli misal bbri di 3500 itu menarik,1893908301718413372,,PPayung4683,in,Indonesia,0,0,0,https://x.com/TradingDiary2/status/1893908301718413372,1260798424393211904,TradingDiary2
1893905515928838447,Mon Feb 24 06:07:16 +0000 2025,0,BBRI w simpej buat anak w kuliah. Ya Allah amit² jgn sampe lenyap itu semua,1893905515928838447,,,in,"Atlanta, GA",0,2,0,https://x.com/FloNaad/status/1893905515928838447,91318483,FloNaad
1893901600323780873,Mon Feb 24 05:51:43 +0000 2025,1,Interesting Danantara baru aja diluncurin tapi trading volume IHSG di 3 Bank Indonesia hari relatif stabil dan ga anjlok. Gaada extreme surge di trading volume $BBRI $BMRI &amp; $BBNI. Sentimen masyarakat kemungkinan (masih) kalah dengan sentimen cukong https://t.co/FMxlJMAaF6,1893901600323780873,https://pbs.twimg.com/media/Gkh9dfPbAAAu-yK.jpg,,in,"Yogyakarta, Indonesia",0,1,0,https://x.com/juarakelasuajy/status/1893901600323780873,935281660169302021,juarakelasuajy
1893860451769012715,Mon Feb 24 05:31:21 +0000 2025,0,@SipenKinji @barengwarga Saham bbri aja udah ane jual wkwk Mau pindahin ke bbca,1893896478105436240,,SipenKinji,in,,0,1,0,https://x.com/_nunec/status/1893896478105436240,1180125352045076482,_nunec
1893890261589147864,Mon Feb 24 05:06:39 +0000 2025,0,Esto es muy tae de su parte JAJAJAJ,1893890261589147864,,,es,Sunsun🍯,0,0,0,https://x.com/_bbri/status/1893890261589147864,624825620,_bbri
1893890080575541750,Mon Feb 24 05:05:56 +0000 2025,1,JAJAJAJ la quesito actualizo no puede serrr,1893890080575541750,,,es,Sunsun🍯,0,0,0,https://x.com/_bbri/status/1893890080575541750,624825620,_bbri
1893886338417545557,Mon Feb 24 04:51:04 +0000 2025,12,me hago la estúpida pero me está doliendo el corazón de una manera horrible.,1893886338417545557,,,es,,0,0,1,https://x.com/brisamattus_/status/1893886338417545557,1500566501811757063,brisamattus_
1893860451769012715,Mon Feb 24 04:25:31 +0000 2025,0,@barengwarga Rekening plat merah cuman mampir doang nah BBRi nyangkut 300juta,1893879906997583880,,barengwarga,in,"Soledad, Colombia",0,0,0,https://x.com/inspired_007/status/1893879906997583880,75395185,inspired_007
1893879207748411619,Mon Feb 24 04:22:44 +0000 2025,743,shm! 7 BUMN pertama yang masuk Danantara: BBRI BBNI BMRI TLKM MIND (PTBA ANTM TINS INCO) PLN PERTAMINA apakah yg ada di bursa menarik untuk diserok guys?,1893879207748411619,,,in,Sukses Finansial,20,25,59,https://x.com/Saham_fess/status/1893879207748411619,1336580251493646343,Saham_fess
1893876080831779322,Mon Feb 24 04:16:29 +0000 2025,0,@msaid_didu @prabowo Semua dividen BUMN masuk kedanantara? Pertanyaaan 1 pak? Berarti pemilik kayak BBRI BBNI DLL itu pemeganG sahamnya ganti dong bukan Negara Republik Indonesia dong ganti ke DANANTARA?,1893877634339053881,,msaid_didu,in,,0,3,0,https://x.com/yu96977/status/1893877634339053881,1671387256924553221,yu96977
1893249692953112952,Mon Feb 24 04:07:18 +0000 2025,0,@Karishma_voice Bbri tel leke aya tha tere paas man liya tel lgaya ya sookha hi ghused diya teri duggi me hlala ki nazayaz aulad,1893875325441867803,,Karishma_voice,in,,0,0,0,https://x.com/Devkashyap61782/status/1893875325441867803,1795883453411434496,Devkashyap61782
1893854103387717988,Mon Feb 24 02:42:59 +0000 2025,1,Apakah kredit UMKM BBRI mulai tidak pulen lagi? Simak! Rapor BBRI yang pertumbuhan Net Interest Income (NII) aset loan &amp; DPK terburuk sepanjang sejarah di luar COVID-19. Selengkapnya: https://t.co/MI9mKguDhi #bankmandiri #bni #bri #himbara #sahambbri https://t.co/oucgkAkWvR,1893854103387717988,https://pbs.twimg.com/media/GkhSGEIWIAAbqOH.jpg,,in,Indonesia,0,0,0,https://x.com/infobanknews/status/1893854103387717988,137900895,infobanknews
1893852997567828469,Mon Feb 24 02:38:35 +0000 2025,0,lei lisa y casi m desmayo,1893852997567828469,,,es,⚢ 🐆,0,0,0,https://x.com/gyalsafica/status/1893852997567828469,1850005853799116801,gyalsafica
1893828348322730093,Mon Feb 24 01:00:38 +0000 2025,0,bata eu que se termine este mes de mierdaaaa,1893828348322730093,,,es,,0,0,0,https://x.com/Bbri_sosa12/status/1893828348322730093,1312573471478681603,Bbri_sosa12
1893827113272115641,Mon Feb 24 00:55:44 +0000 2025,1,IHSG TECHNICAL VIEW (24/02) IHSG kemarin ditutup naik 0.22% tapi disertai dengan net sell asing ~683 Miliar. Saham yang paling banyak dijual asing adalah BBRI BBNI BMRI BBCA dan BRMS.,1893827113272115641,,,in,Jakarta Capital Region,0,1,0,https://x.com/bnisekuritas46/status/1893827113272115641,886784783434436608,bnisekuritas46
1893820933149724713,Mon Feb 24 00:31:10 +0000 2025,0,Saham BBRI Cs Turun Fundamental Dibilang Begini https://t.co/VgZjEKWhG3 via @InvestorID,1893820933149724713,,,in,"Jakarta, Indonesia",0,0,0,https://x.com/InvestorID/status/1893820933149724713,238091066,InvestorID
1893817355320414486,Mon Feb 24 00:16:57 +0000 2025,0,PART 2 SAHAM BBRI.! TERBONGKAR KASUS DANANTARA MEKANISMENYA.!! GINI STRA... https://t.co/NwXuU1H7pb via @YouTube,1893817355320414486,,,in,JAWA TENGAH-INDONESIA,0,0,0,https://x.com/TSF_PAK_FIRMAN/status/1893817355320414486,1845871121503342594,TSF_PAK_FIRMAN
